location_id,hour,day_of_week,avg_pedestrians,std_dev
L01,6,Monday,9,2
L01,7,Monday,58,12
L01,8,Monday,128,21
L01,9,Monday,102,27
L01,10,Monday,79,20
L01,11,Monday,114,38
L01,12,Monday,160,54
L01,13,Monday,113,18
L01,14,Monday,75,13
L01,15,Monday,68,12
L01,16,Monday,112,19
L01,17,Monday,122,42
L01,18,Monday,98,18
L01,19,Monday,57,15
L01,20,Monday,34,5
L01,21,Monday,17,3
L01,22,Monday,8,2
L01,6,Tuesday,11,3
L01,7,Tuesday,52,14
L01,8,Tuesday,97,30
L01,9,Tuesday,97,27
L01,10,Tuesday,86,18
L01,11,Tuesday,116,27
L01,12,Tuesday,117,19
L01,13,Tuesday,110,35
L01,14,Tuesday,80,23
L01,15,Tuesday,84,13
L01,16,Tuesday,118,33
L01,17,Tuesday,118,38
L01,18,Tuesday,118,26
L01,19,Tuesday,67,16
L01,20,Tuesday,38,11
L01,21,Tuesday,18,5
L01,22,Tuesday,11,3
L01,6,Wednesday,10,2
L01,7,Wednesday,53,12
L01,8,Wednesday,122,21
L01,9,Wednesday,83,25
L01,10,Wednesday,89,15
L01,11,Wednesday,87,26
L01,12,Wednesday,156,47
L01,13,Wednesday,100,25
L01,14,Wednesday,80,24
L01,15,Wednesday,77,16
L01,16,Wednesday,116,19
L01,17,Wednesday,104,30
L01,18,Wednesday,124,35
L01,19,Wednesday,60,20
L01,20,Wednesday,38,10
L01,21,Wednesday,19,5
L01,22,Wednesday,9,1
L01,6,Thursday,10,3
L01,7,Thursday,43,12
L01,8,Thursday,97,19
L01,9,Thursday,91,19
L01,10,Thursday,87,30
L01,11,Thursday,122,27
L01,12,Thursday,114,28
L01,13,Thursday,99,15
L01,14,Thursday,101,32
L01,15,Thursday,91,22
L01,16,Thursday,99,17
L01,17,Thursday,120,23
L01,18,Thursday,106,24
L01,19,Thursday,62,10
L01,20,Thursday,35,9
L01,21,Thursday,19,4
L01,22,Thursday,8,1
L01,6,Friday,8,1
L01,7,Friday,50,12
L01,8,Friday,102,20
L01,9,Friday,88,14
L01,10,Friday,78,26
L01,11,Friday,123,37
L01,12,Friday,137,29
L01,13,Friday,110,16
L01,14,Friday,78,26
L01,15,Friday,68,17
L01,16,Friday,96,28
L01,17,Friday,153,32
L01,18,Friday,129,38
L01,19,Friday,68,17
L01,20,Friday,38,8
L01,21,Friday,22,3
L01,22,Friday,10,2
L01,6,Saturday,5,1
L01,7,Saturday,5,1
L01,8,Saturday,22,6
L01,9,Saturday,41,12
L01,10,Saturday,94,17
L01,11,Saturday,104,32
L01,12,Saturday,166,26
L01,13,Saturday,120,41
L01,14,Saturday,124,20
L01,15,Saturday,107,30
L01,16,Saturday,98,16
L01,17,Saturday,73,15
L01,18,Saturday,49,11
L01,19,Saturday,47,10
L01,20,Saturday,33,6
L01,21,Saturday,11,2
L01,22,Saturday,4,1
L01,6,Sunday,5,1
L01,7,Sunday,5,1
L01,8,Sunday,18,3
L01,9,Sunday,42,7
L01,10,Sunday,95,26
L01,11,Sunday,119,34
L01,12,Sunday,130,43
L01,13,Sunday,132,33
L01,14,Sunday,154,48
L01,15,Sunday,91,27
L01,16,Sunday,93,15
L01,17,Sunday,77,19
L01,18,Sunday,70,11
L01,19,Sunday,40,10
L01,20,Sunday,24,6
L01,21,Sunday,10,2
L01,22,Sunday,5,1
L02,6,Monday,8,1
L02,7,Monday,47,9
L02,8,Monday,107,20
L02,9,Monday,90,25
L02,10,Monday,68,16
L02,11,Monday,109,24
L02,12,Monday,97,20
L02,13,Monday,82,26
L02,14,Monday,85,15
L02,15,Monday,70,13
L02,16,Monday,95,22
L02,17,Monday,89,24
L02,18,Monday,77,25
L02,19,Monday,68,18
L02,20,Monday,30,9
L02,21,Monday,13,2
L02,22,Monday,7,1
L02,6,Tuesday,9,2
L02,7,Tuesday,47,13
L02,8,Tuesday,89,18
L02,9,Tuesday,87,26
L02,10,Tuesday,70,14
L02,11,Tuesday,103,23
L02,12,Tuesday,123,39
L02,13,Tuesday,107,25
L02,14,Tuesday,78,14
L02,15,Tuesday,65,20
L02,16,Tuesday,83,12
L02,17,Tuesday,122,22
L02,18,Tuesday,75,19
L02,19,Tuesday,65,11
L02,20,Tuesday,32,7
L02,21,Tuesday,14,3
L02,22,Tuesday,7,2
L02,6,Wednesday,8,2
L02,7,Wednesday,37,11
L02,8,Wednesday,81,17
L02,9,Wednesday,70,11
L02,10,Wednesday,54,13
L02,11,Wednesday,76,13
L02,12,Wednesday,114,32
L02,13,Wednesday,88,24
L02,14,Wednesday,77,25
L02,15,Wednesday,75,26
L02,16,Wednesday,79,25
L02,17,Wednesday,101,20
L02,18,Wednesday,89,13
L02,19,Wednesday,64,10
L02,20,Wednesday,35,5
L02,21,Wednesday,16,3
L02,22,Wednesday,9,1
L02,6,Thursday,7,1
L02,7,Thursday,35,9
L02,8,Thursday,92,18
L02,9,Thursday,77,16
L02,10,Thursday,75,14
L02,11,Thursday,78,16
L02,12,Thursday,120,24
L02,13,Thursday,85,18
L02,14,Thursday,89,29
L02,15,Thursday,65,15
L02,16,Thursday,73,20
L02,17,Thursday,118,23
L02,18,Thursday,97,16
L02,19,Thursday,54,11
L02,20,Thursday,37,10
L02,21,Thursday,16,3
L02,22,Thursday,8,1
L02,6,Friday,7,2
L02,7,Friday,46,10
L02,8,Friday,96,32
L02,9,Friday,67,20
L02,10,Friday,58,10
L02,11,Friday,86,23
L02,12,Friday,109,27
L02,13,Friday,101,33
L02,14,Friday,77,15
L02,15,Friday,70,18
L02,16,Friday,77,22
L02,17,Friday,87,30
L02,18,Friday,106,17
L02,19,Friday,63,11
L02,20,Friday,40,9
L02,21,Friday,18,3
L02,22,Friday,8,1
L02,6,Saturday,4,1
L02,7,Saturday,3,1
L02,8,Saturday,16,2
L02,9,Saturday,36,8
L02,10,Saturday,76,22
L02,11,Saturday,86,27
L02,12,Saturday,118,41
L02,13,Saturday,111,26
L02,14,Saturday,103,17
L02,15,Saturday,108,28
L02,16,Saturday,92,16
L02,17,Saturday,66,13
L02,18,Saturday,45,10
L02,19,Saturday,35,8
L02,20,Saturday,27,9
L02,21,Saturday,8,2
L02,22,Saturday,4,1
L02,6,Sunday,3,1
L02,7,Sunday,4,1
L02,8,Sunday,18,5
L02,9,Sunday,48,10
L02,10,Sunday,82,25
L02,11,Sunday,98,27
L02,12,Sunday,120,40
L02,13,Sunday,118,23
L02,14,Sunday,106,28
L02,15,Sunday,87,18
L02,16,Sunday,88,18
L02,17,Sunday,66,11
L02,18,Sunday,46,7
L02,19,Sunday,33,7
L02,20,Sunday,23,3
L02,21,Sunday,10,1
L02,22,Sunday,3,1
L03,6,Monday,10,2
L03,7,Monday,56,8
L03,8,Monday,114,19
L03,9,Monday,105,35
L03,10,Monday,92,27
L03,11,Monday,111,34
L03,12,Monday,115,29
L03,13,Monday,100,20
L03,14,Monday,72,12
L03,15,Monday,70,20
L03,16,Monday,110,27
L03,17,Monday,124,32
L03,18,Monday,115,36
L03,19,Monday,73,24
L03,20,Monday,33,11
L03,21,Monday,17,5
L03,22,Monday,10,2
L03,6,Tuesday,11,3
L03,7,Tuesday,52,17
L03,8,Tuesday,104,23
L03,9,Tuesday,87,20
L03,10,Tuesday,94,17
L03,11,Tuesday,123,33
L03,12,Tuesday,153,50
L03,13,Tuesday,139,25
L03,14,Tuesday,87,24
L03,15,Tuesday,80,18
L03,16,Tuesday,85,19
L03,17,Tuesday,127,20
L03,18,Tuesday,106,29
L03,19,Tuesday,56,8
L03,20,Tuesday,42,8
L03,21,Tuesday,21,6
L03,22,Tuesday,8,2
L03,6,Wednesday,9,1
L03,7,Wednesday,57,16
L03,8,Wednesday,136,36
L03,9,Wednesday,107,27
L03,10,Wednesday,82,13
L03,11,Wednesday,130,26
L03,12,Wednesday,161,44
L03,13,Wednesday,112,33
L03,14,Wednesday,105,26
L03,15,Wednesday,89,31
L03,16,Wednesday,85,13
L03,17,Wednesday,125,19
L03,18,Wednesday,100,17
L03,19,Wednesday,59,9
L03,20,Wednesday,45,10
L03,21,Wednesday,19,3
L03,22,Wednesday,11,2
L03,6,Thursday,8,1
L03,7,Thursday,50,17
L03,8,Thursday,140,25
L03,9,Thursday,115,23
L03,10,Thursday,92,19
L03,11,Thursday,87,19
L03,12,Thursday,130,40
L03,13,Thursday,95,19
L03,14,Thursday,74,25
L03,15,Thursday,81,16
L03,16,Thursday,79,25
L03,17,Thursday,140,47
L03,18,Thursday,129,42
L03,19,Thursday,58,11
L03,20,Thursday,44,11
L03,21,Thursday,19,4
L03,22,Thursday,11,1
L03,6,Friday,8,2
L03,7,Friday,44,9
L03,8,Friday,124,25
L03,9,Friday,111,32
L03,10,Friday,82,12
L03,11,Friday,100,24
L03,12,Friday,134,37
L03,13,Friday,100,24
L03,14,Friday,82,27
L03,15,Friday,69,16
L03,16,Friday,83,14
L03,17,Friday,142,40
L03,18,Friday,111,29
L03,19,Friday,65,12
L03,20,Friday,32,5
L03,21,Friday,22,4
L03,22,Friday,10,2
L03,6,Saturday,4,1
L03,7,Saturday,5,1
L03,8,Saturday,22,3
L03,9,Saturday,53,11
L03,10,Saturday,84,13
L03,11,Saturday,113,25
L03,12,Saturday,161,47
L03,13,Saturday,118,32
L03,14,Saturday,136,26
L03,15,Saturday,107,16
L03,16,Saturday,97,14
L03,17,Saturday,69,19
L03,18,Saturday,52,12
L03,19,Saturday,40,7
L03,20,Saturday,33,8
L03,21,Saturday,10,1
L03,22,Saturday,4,1
L03,6,Sunday,5,1
L03,7,Sunday,5,1
L03,8,Sunday,23,7
L03,9,Sunday,46,14
L03,10,Sunday,75,11
L03,11,Sunday,116,33
L03,12,Sunday,148,29
L03,13,Sunday,161,35
L03,14,Sunday,146,34
L03,15,Sunday,105,16
L03,16,Sunday,98,27
L03,17,Sunday,86,22
L03,18,Sunday,57,17
L03,19,Sunday,41,6
L03,20,Sunday,25,6
L03,21,Sunday,11,3
L03,22,Sunday,4,1
L04,6,Monday,23,3
L04,7,Monday,133,21
L04,8,Monday,251,45
L04,9,Monday,242,44
L04,10,Monday,244,70
L04,11,Monday,313,89
L04,12,Monday,334,51
L04,13,Monday,249,44
L04,14,Monday,219,55
L04,15,Monday,227,76
L04,16,Monday,292,78
L04,17,Monday,364,124
L04,18,Monday,333,91
L04,19,Monday,194,61
L04,20,Monday,118,30
L04,21,Monday,53,18
L04,22,Monday,23,5
L04,6,Tuesday,30,7
L04,7,Tuesday,133,30
L04,8,Tuesday,248,65
L04,9,Tuesday,288,68
L04,10,Tuesday,175,29
L04,11,Tuesday,232,74
L04,12,Tuesday,378,117
L04,13,Tuesday,349,54
L04,14,Tuesday,236,42
L04,15,Tuesday,188,35
L04,16,Tuesday,259,55
L04,17,Tuesday,279,86
L04,18,Tuesday,322,83
L04,19,Tuesday,208,53
L04,20,Tuesday,89,27
L04,21,Tuesday,52,11
L04,22,Tuesday,21,6
L04,6,Wednesday,23,7
L04,7,Wednesday,114,23
L04,8,Wednesday,325,94
L04,9,Wednesday,302,63
L04,10,Wednesday,174,54
L04,11,Wednesday,267,45
L04,12,Wednesday,332,72
L04,13,Wednesday,251,87
L04,14,Wednesday,263,68
L04,15,Wednesday,202,31
L04,16,Wednesday,262,57
L04,17,Wednesday,376,68
L04,18,Wednesday,259,78
L04,19,Wednesday,215,55
L04,20,Wednesday,96,27
L04,21,Wednesday,61,9
L04,22,Wednesday,22,3
L04,6,Thursday,26,8
L04,7,Thursday,120,37
L04,8,Thursday,249,41
L04,9,Thursday,228,72
L04,10,Thursday,215,34
L04,11,Thursday,306,99
L04,12,Thursday,353,87
L04,13,Thursday,357,67
L04,14,Thursday,211,66
L04,15,Thursday,186,56
L04,16,Thursday,214,40
L04,17,Thursday,327,83
L04,18,Thursday,259,43
L04,19,Thursday,150,47
L04,20,Thursday,94,20
L04,21,Thursday,57,16
L04,22,Thursday,25,5
L04,6,Friday,25,7
L04,7,Friday,134,27
L04,8,Friday,288,85
L04,9,Friday,299,63
L04,10,Friday,200,39
L04,11,Friday,290,74
L04,12,Friday,399,130
L04,13,Friday,351,117
L04,14,Friday,233,39
L04,15,Friday,230,36
L04,16,Friday,217,61
L04,17,Friday,361,112
L04,18,Friday,256,76
L04,19,Friday,176,27
L04,20,Friday,112,31
L04,21,Friday,48,11
L04,22,Friday,22,6
L04,6,Saturday,11,2
L04,7,Saturday,14,3
L04,8,Saturday,54,13
L04,9,Saturday,128,34
L04,10,Saturday,230,38
L04,11,Saturday,309,79
L04,12,Saturday,312,46
L04,13,Saturday,429,92
L04,14,Saturday,283,47
L04,15,Saturday,277,90
L04,16,Saturday,291,72
L04,17,Saturday,226,64
L04,18,Saturday,169,55
L04,19,Saturday,97,24
L04,20,Saturday,84,25
L04,21,Saturday,29,4
L04,22,Saturday,13,3
L04,6,Sunday,13,3
L04,7,Sunday,11,2
L04,8,Sunday,45,6
L04,9,Sunday,106,17
L04,10,Sunday,278,71
L04,11,Sunday,362,87
L04,12,Sunday,413,122
L04,13,Sunday,295,79
L04,14,Sunday,280,46
L04,15,Sunday,257,83
L04,16,Sunday,285,50
L04,17,Sunday,188,41
L04,18,Sunday,137,29
L04,19,Sunday,98,29
L04,20,Sunday,91,17
L04,21,Sunday,27,5
L04,22,Sunday,15,4
L05,6,Monday,26,5
L05,7,Monday,98,27
L05,8,Monday,232,76
L05,9,Monday,286,88
L05,10,Monday,168,28
L05,11,Monday,286,94
L05,12,Monday,362,89
L05,13,Monday,265,72
L05,14,Monday,203,36
L05,15,Monday,189,49
L05,16,Monday,257,74
L05,17,Monday,289,70
L05,18,Monday,290,96
L05,19,Monday,182,45
L05,20,Monday,77,18
L05,21,Monday,47,12
L05,22,Monday,24,5
L05,6,Tuesday,23,5
L05,7,Tuesday,111,34
L05,8,Tuesday,270,88
L05,9,Tuesday,282,83
L05,10,Tuesday,161,50
L05,11,Tuesday,301,47
L05,12,Tuesday,367,110
L05,13,Tuesday,271,55
L05,14,Tuesday,173,57
L05,15,Tuesday,181,54
L05,16,Tuesday,209,63
L05,17,Tuesday,284,74
L05,18,Tuesday,238,54
L05,19,Tuesday,177,32
L05,20,Tuesday,88,20
L05,21,Tuesday,45,10
L05,22,Tuesday,21,3
L05,6,Wednesday,26,6
L05,7,Wednesday,134,25
L05,8,Wednesday,344,57
L05,9,Wednesday,194,66
L05,10,Wednesday,179,44
L05,11,Wednesday,253,48
L05,12,Wednesday,394,132
L05,13,Wednesday,287,75
L05,14,Wednesday,206,61
L05,15,Wednesday,200,48
L05,16,Wednesday,200,64
L05,17,Wednesday,332,70
L05,18,Wednesday,289,76
L05,19,Wednesday,139,24
L05,20,Wednesday,79,22
L05,21,Wednesday,43,13
L05,22,Wednesday,28,7
L05,6,Thursday,22,4
L05,7,Thursday,114,30
L05,8,Thursday,268,51
L05,9,Thursday,233,43
L05,10,Thursday,202,53
L05,11,Thursday,219,61
L05,12,Thursday,366,68
L05,13,Thursday,302,86
L05,14,Thursday,197,59
L05,15,Thursday,157,29
L05,16,Thursday,222,46
L05,17,Thursday,356,80
L05,18,Thursday,272,51
L05,19,Thursday,185,48
L05,20,Thursday,96,25
L05,21,Thursday,47,12
L05,22,Thursday,20,5
L05,6,Friday,19,3
L05,7,Friday,115,19
L05,8,Friday,262,60
L05,9,Friday,258,58
L05,10,Friday,215,57
L05,11,Friday,290,73
L05,12,Friday,316,97
L05,13,Friday,333,62
L05,14,Friday,176,59
L05,15,Friday,191,50
L05,16,Friday,235,55
L05,17,Friday,315,88
L05,18,Friday,280,79
L05,19,Friday,194,49
L05,20,Friday,110,19
L05,21,Friday,40,6
L05,22,Friday,24,5
L05,6,Saturday,10,3
L05,7,Saturday,13,3
L05,8,Saturday,41,6
L05,9,Saturday,100,30
L05,10,Saturday,188,36
L05,11,Saturday,315,74
L05,12,Saturday,337,100
L05,13,Saturday,318,107
L05,14,Saturday,264,71
L05,15,Saturday,255,53
L05,16,Saturday,193,37
L05,17,Saturday,188,54
L05,18,Saturday,129,29
L05,19,Saturday,97,21
L05,20,Saturday,69,14
L05,21,Saturday,23,3
L05,22,Saturday,13,3
L05,6,Sunday,12,3
L05,7,Sunday,12,3
L05,8,Sunday,50,11
L05,9,Sunday,128,24
L05,10,Sunday,231,69
L05,11,Sunday,277,87
L05,12,Sunday,389,118
L05,13,Sunday,398,97
L05,14,Sunday,258,59
L05,15,Sunday,261,81
L05,16,Sunday,202,41
L05,17,Sunday,198,46
L05,18,Sunday,149,38
L05,19,Sunday,97,23
L05,20,Sunday,79,25
L05,21,Sunday,23,4
L05,22,Sunday,14,3
L06,6,Monday,29,7
L06,7,Monday,117,19
L06,8,Monday,346,58
L06,9,Monday,268,51
L06,10,Monday,200,45
L06,11,Monday,239,74
L06,12,Monday,424,132
L06,13,Monday,337,107
L06,14,Monday,216,63
L06,15,Monday,170,26
L06,16,Monday,230,77
L06,17,Monday,298,67
L06,18,Monday,270,94
L06,19,Monday,169,28
L06,20,Monday,121,27
L06,21,Monday,50,10
L06,22,Monday,22,4
L06,6,Tuesday,27,5
L06,7,Tuesday,109,34
L06,8,Tuesday,316,75
L06,9,Tuesday,239,68
L06,10,Tuesday,194,47
L06,11,Tuesday,236,45
L06,12,Tuesday,333,106
L06,13,Tuesday,301,72
L06,14,Tuesday,203,41
L06,15,Tuesday,197,35
L06,16,Tuesday,211,59
L06,17,Tuesday,314,76
L06,18,Tuesday,293,73
L06,19,Tuesday,212,67
L06,20,Tuesday,118,34
L06,21,Tuesday,52,15
L06,22,Tuesday,23,5
L06,6,Wednesday,30,9
L06,7,Wednesday,105,25
L06,8,Wednesday,257,39
L06,9,Wednesday,238,62
L06,10,Wednesday,179,41
L06,11,Wednesday,249,39
L06,12,Wednesday,406,99
L06,13,Wednesday,303,58
L06,14,Wednesday,193,32
L06,15,Wednesday,232,72
L06,16,Wednesday,222,46
L06,17,Wednesday,272,50
L06,18,Wednesday,233,39
L06,19,Wednesday,148,34
L06,20,Wednesday,114,25
L06,21,Wednesday,47,15
L06,22,Wednesday,26,8
L06,6,Thursday,30,7
L06,7,Thursday,144,22
L06,8,Thursday,247,54
L06,9,Thursday,258,70
L06,10,Thursday,164,55
L06,11,Thursday,278,59
L06,12,Thursday,419,125
L06,13,Thursday,263,55
L06,14,Thursday,267,89
L06,15,Thursday,179,60
L06,16,Thursday,298,91
L06,17,Thursday,339,69
L06,18,Thursday,257,75
L06,19,Thursday,142,46
L06,20,Thursday,96,23
L06,21,Thursday,48,8
L06,22,Thursday,28,9
L06,6,Friday,25,7
L06,7,Friday,135,39
L06,8,Friday,268,85
L06,9,Friday,297,79
L06,10,Friday,204,43
L06,11,Friday,304,50
L06,12,Friday,349,106
L06,13,Friday,362,63
L06,14,Friday,211,60
L06,15,Friday,199,47
L06,16,Friday,275,61
L06,17,Friday,366,116
L06,18,Friday,329,91
L06,19,Friday,155,42
L06,20,Friday,105,24
L06,21,Friday,52,17
L06,22,Friday,20,5
L06,6,Saturday,12,2
L06,7,Saturday,13,2
L06,8,Saturday,54,12
L06,9,Saturday,133,34
L06,10,Saturday,201,63
L06,11,Saturday,332,109
L06,12,Saturday,422,121
L06,13,Saturday,322,97
L06,14,Saturday,284,94
L06,15,Saturday,260,52
L06,16,Saturday,207,48
L06,17,Saturday,189,52
L06,18,Saturday,176,54
L06,19,Saturday,86,16
L06,20,Saturday,86,15
L06,21,Saturday,28,9
L06,22,Saturday,14,4
L06,6,Sunday,11,3
L06,7,Sunday,14,4
L06,8,Sunday,47,13
L06,9,Sunday,109,19
L06,10,Sunday,243,79
L06,11,Sunday,295,69
L06,12,Sunday,311,52
L06,13,Sunday,332,81
L06,14,Sunday,336,112
L06,15,Sunday,292,67
L06,16,Sunday,263,60
L06,17,Sunday,196,45
L06,18,Sunday,181,45
L06,19,Sunday,85,22
L06,20,Sunday,80,20
L06,21,Sunday,29,9
L06,22,Sunday,11,3
L07,6,Monday,34,10
L07,7,Monday,158,28
L07,8,Monday,496,99
L07,9,Monday,309,81
L07,10,Monday,249,49
L07,11,Monday,351,89
L07,12,Monday,562,163
L07,13,Monday,376,90
L07,14,Monday,271,58
L07,15,Monday,313,97
L07,16,Monday,354,94
L07,17,Monday,469,85
L07,18,Monday,460,93
L07,19,Monday,268,49
L07,20,Monday,152,31
L07,21,Monday,67,12
L07,22,Monday,42,14
L07,6,Tuesday,31,7
L07,7,Tuesday,171,26
L07,8,Tuesday,508,157
L07,9,Tuesday,295,78
L07,10,Tuesday,229,50
L07,11,Tuesday,350,63
L07,12,Tuesday,435,151
L07,13,Tuesday,470,158
L07,14,Tuesday,277,62
L07,15,Tuesday,247,61
L07,16,Tuesday,339,61
L07,17,Tuesday,480,80
L07,18,Tuesday,366,93
L07,19,Tuesday,237,43
L07,20,Tuesday,146,48
L07,21,Tuesday,80,23
L07,22,Tuesday,39,6
L07,6,Wednesday,39,10
L07,7,Wednesday,191,57
L07,8,Wednesday,457,151
L07,9,Wednesday,315,64
L07,10,Wednesday,302,79
L07,11,Wednesday,406,85
L07,12,Wednesday,415,81
L07,13,Wednesday,503,138
L07,14,Wednesday,350,99
L07,15,Wednesday,264,43
L07,16,Wednesday,367,99
L07,17,Wednesday,446,96
L07,18,Wednesday,470,118
L07,19,Wednesday,254,41
L07,20,Wednesday,128,26
L07,21,Wednesday,61,16
L07,22,Wednesday,35,10
L07,6,Thursday,41,9
L07,7,Thursday,149,32
L07,8,Thursday,388,62
L07,9,Thursday,379,120
L07,10,Thursday,334,87
L07,11,Thursday,463,76
L07,12,Thursday,494,134
L07,13,Thursday,354,82
L07,14,Thursday,354,69
L07,15,Thursday,247,41
L07,16,Thursday,378,87
L07,17,Thursday,470,106
L07,18,Thursday,466,124
L07,19,Thursday,203,41
L07,20,Thursday,171,53
L07,21,Thursday,80,19
L07,22,Thursday,38,12
L07,6,Friday,42,12
L07,7,Friday,203,30
L07,8,Friday,500,119
L07,9,Friday,335,115
L07,10,Friday,278,51
L07,11,Friday,333,69
L07,12,Friday,430,69
L07,13,Friday,472,144
L07,14,Friday,293,82
L07,15,Friday,331,49
L07,16,Friday,349,91
L07,17,Friday,431,107
L07,18,Friday,398,67
L07,19,Friday,255,73
L07,20,Friday,144,33
L07,21,Friday,58,10
L07,22,Friday,29,7
L07,6,Saturday,17,3
L07,7,Saturday,16,4
L07,8,Saturday,84,25
L07,9,Saturday,148,41
L07,10,Saturday,275,94
L07,11,Saturday,429,75
L07,12,Saturday,582,130
L07,13,Saturday,454,132
L07,14,Saturday,382,109
L07,15,Saturday,326,67
L07,16,Saturday,349,78
L07,17,Saturday,231,63
L07,18,Saturday,232,39
L07,19,Saturday,170,44
L07,20,Saturday,111,29
L07,21,Saturday,37,11
L07,22,Saturday,15,3
L07,6,Sunday,19,5
L07,7,Sunday,16,5
L07,8,Sunday,63,20
L07,9,Sunday,176,28
L07,10,Sunday,360,72
L07,11,Sunday,461,157
L07,12,Sunday,493,105
L07,13,Sunday,519,115
L07,14,Sunday,433,77
L07,15,Sunday,341,116
L07,16,Sunday,338,54
L07,17,Sunday,283,54
L07,18,Sunday,217,41
L07,19,Sunday,162,30
L07,20,Sunday,88,29
L07,21,Sunday,32,6
L07,22,Sunday,19,4
L08,6,Monday,25,8
L08,7,Monday,146,29
L08,8,Monday,392,87
L08,9,Monday,297,90
L08,10,Monday,225,60
L08,11,Monday,350,62
L08,12,Monday,488,134
L08,13,Monday,328,99
L08,14,Monday,303,77
L08,15,Monday,254,79
L08,16,Monday,291,58
L08,17,Monday,345,97
L08,18,Monday,395,137
L08,19,Monday,246,66
L08,20,Monday,116,26
L08,21,Monday,55,15
L08,22,Monday,32,6
L08,6,Tuesday,32,7
L08,7,Tuesday,138,29
L08,8,Tuesday,325,82
L08,9,Tuesday,276,65
L08,10,Tuesday,231,52
L08,11,Tuesday,367,98
L08,12,Tuesday,488,154
L08,13,Tuesday,432,132
L08,14,Tuesday,252,86
L08,15,Tuesday,197,47
L08,16,Tuesday,276,47
L08,17,Tuesday,365,103
L08,18,Tuesday,349,72
L08,19,Tuesday,174,38
L08,20,Tuesday,121,39
L08,21,Tuesday,63,14
L08,22,Tuesday,30,6
L08,6,Wednesday,27,7
L08,7,Wednesday,123,25
L08,8,Wednesday,423,135
L08,9,Wednesday,301,64
L08,10,Wednesday,205,34
L08,11,Wednesday,329,109
L08,12,Wednesday,436,138
L08,13,Wednesday,300,55
L08,14,Wednesday,316,69
L08,15,Wednesday,280,70
L08,16,Wednesday,307,87
L08,17,Wednesday,353,99
L08,18,Wednesday,383,102
L08,19,Wednesday,233,55
L08,20,Wednesday,118,25
L08,21,Wednesday,58,11
L08,22,Wednesday,27,8
L08,6,Thursday,28,4
L08,7,Thursday,178,37
L08,8,Thursday,383,133
L08,9,Thursday,286,59
L08,10,Thursday,272,46
L08,11,Thursday,392,123
L08,12,Thursday,355,66
L08,13,Thursday,429,72
L08,14,Thursday,272,69
L08,15,Thursday,269,60
L08,16,Thursday,299,47
L08,17,Thursday,369,91
L08,18,Thursday,316,60
L08,19,Thursday,252,63
L08,20,Thursday,98,33
L08,21,Thursday,55,16
L08,22,Thursday,27,6
L08,6,Friday,30,9
L08,7,Friday,151,32
L08,8,Friday,346,60
L08,9,Friday,329,60
L08,10,Friday,207,67
L08,11,Friday,326,99
L08,12,Friday,394,82
L08,13,Friday,379,122
L08,14,Friday,217,32
L08,15,Friday,232,39
L08,16,Friday,359,85
L08,17,Friday,344,80
L08,18,Friday,343,115
L08,19,Friday,223,62
L08,20,Friday,107,21
L08,21,Friday,66,18
L08,22,Friday,36,11
L08,6,Saturday,12,2
L08,7,Saturday,15,4
L08,8,Saturday,65,17
L08,9,Saturday,135,31
L08,10,Saturday,318,89
L08,11,Saturday,297,52
L08,12,Saturday,477,137
L08,13,Saturday,458,87
L08,14,Saturday,385,104
L08,15,Saturday,306,90
L08,16,Saturday,241,60
L08,17,Saturday,225,55
L08,18,Saturday,178,57
L08,19,Saturday,116,27
L08,20,Saturday,74,13
L08,21,Saturday,26,3
L08,22,Saturday,14,3
L08,6,Sunday,17,5
L08,7,Sunday,16,4
L08,8,Sunday,64,11
L08,9,Sunday,130,39
L08,10,Sunday,315,51
L08,11,Sunday,337,91
L08,12,Sunday,448,112
L08,13,Sunday,445,81
L08,14,Sunday,356,60
L08,15,Sunday,394,127
L08,16,Sunday,282,56
L08,17,Sunday,273,72
L08,18,Sunday,159,26
L08,19,Sunday,138,38
L08,20,Sunday,84,13
L08,21,Sunday,24,6
L08,22,Sunday,14,3
L09,6,Monday,23,6
L09,7,Monday,142,21
L09,8,Monday,320,85
L09,9,Monday,303,48
L09,10,Monday,246,79
L09,11,Monday,296,87
L09,12,Monday,312,64
L09,13,Monday,314,54
L09,14,Monday,222,63
L09,15,Monday,227,58
L09,16,Monday,252,69
L09,17,Monday,373,79
L09,18,Monday,249,42
L09,19,Monday,160,32
L09,20,Monday,117,22
L09,21,Monday,46,15
L09,22,Monday,28,8
L09,6,Tuesday,28,8
L09,7,Tuesday,108,36
L09,8,Tuesday,365,71
L09,9,Tuesday,285,46
L09,10,Tuesday,210,72
L09,11,Tuesday,281,51
L09,12,Tuesday,339,94
L09,13,Tuesday,345,80
L09,14,Tuesday,247,64
L09,15,Tuesday,192,48
L09,16,Tuesday,230,40
L09,17,Tuesday,331,114
L09,18,Tuesday,338,75
L09,19,Tuesday,209,60
L09,20,Tuesday,92,25
L09,21,Tuesday,53,15
L09,22,Tuesday,25,7
L09,6,Wednesday,28,4
L09,7,Wednesday,147,39
L09,8,Wednesday,259,60
L09,9,Wednesday,232,54
L09,10,Wednesday,183,40
L09,11,Wednesday,301,100
L09,12,Wednesday,300,92
L09,13,Wednesday,345,63
L09,14,Wednesday,210,47
L09,15,Wednesday,203,55
L09,16,Wednesday,250,76
L09,17,Wednesday,379,98
L09,18,Wednesday,336,74
L09,19,Wednesday,173,47
L09,20,Wednesday,106,36
L09,21,Wednesday,54,14
L09,22,Wednesday,23,4
L09,6,Thursday,25,3
L09,7,Thursday,155,24
L09,8,Thursday,329,65
L09,9,Thursday,240,51
L09,10,Thursday,237,54
L09,11,Thursday,261,90
L09,12,Thursday,420,95
L09,13,Thursday,344,60
L09,14,Thursday,263,53
L09,15,Thursday,177,52
L09,16,Thursday,211,64
L09,17,Thursday,397,101
L09,18,Thursday,307,58
L09,19,Thursday,168,55
L09,20,Thursday,123,19
L09,21,Thursday,61,16
L09,22,Thursday,26,6
L09,6,Friday,27,5
L09,7,Friday,107,29
L09,8,Friday,277,82
L09,9,Friday,291,92
L09,10,Friday,183,30
L09,11,Friday,287,79
L09,12,Friday,366,88
L09,13,Friday,348,109
L09,14,Friday,228,73
L09,15,Friday,178,58
L09,16,Friday,248,45
L09,17,Friday,279,52
L09,18,Friday,312,96
L09,19,Friday,202,52
L09,20,Friday,122,20
L09,21,Friday,51,15
L09,22,Friday,29,9
L09,6,Saturday,12,3
L09,7,Saturday,12,2
L09,8,Saturday,44,14
L09,9,Saturday,114,33
L09,10,Saturday,264,66
L09,11,Saturday,254,51
L09,12,Saturday,369,92
L09,13,Saturday,341,70
L09,14,Saturday,364,125
L09,15,Saturday,260,43
L09,16,Saturday,285,53
L09,17,Saturday,198,59
L09,18,Saturday,134,42
L09,19,Saturday,90,29
L09,20,Saturday,70,21
L09,21,Saturday,24,6
L09,22,Saturday,11,1
L09,6,Sunday,11,3
L09,7,Sunday,13,2
L09,8,Sunday,60,10
L09,9,Sunday,136,39
L09,10,Sunday,255,49
L09,11,Sunday,325,58
L09,12,Sunday,348,109
L09,13,Sunday,341,62
L09,14,Sunday,356,64
L09,15,Sunday,283,62
L09,16,Sunday,231,70
L09,17,Sunday,196,68
L09,18,Sunday,184,41
L09,19,Sunday,102,18
L09,20,Sunday,90,15
L09,21,Sunday,28,7
L09,22,Sunday,12,3
L10,6,Monday,25,6
L10,7,Monday,142,33
L10,8,Monday,300,103
L10,9,Monday,244,38
L10,10,Monday,187,57
L10,11,Monday,285,43
L10,12,Monday,360,68
L10,13,Monday,327,96
L10,14,Monday,253,66
L10,15,Monday,175,34
L10,16,Monday,233,42
L10,17,Monday,288,87
L10,18,Monday,268,85
L10,19,Monday,195,48
L10,20,Monday,86,23
L10,21,Monday,53,18
L10,22,Monday,30,5
L10,6,Tuesday,29,8
L10,7,Tuesday,119,34
L10,8,Tuesday,327,77
L10,9,Tuesday,281,68
L10,10,Tuesday,239,70
L10,11,Tuesday,326,73
L10,12,Tuesday,449,155
L10,13,Tuesday,289,90
L10,14,Tuesday,250,56
L10,15,Tuesday,227,68
L10,16,Tuesday,257,68
L10,17,Tuesday,341,71
L10,18,Tuesday,279,93
L10,19,Tuesday,197,51
L10,20,Tuesday,103,28
L10,21,Tuesday,61,17
L10,22,Tuesday,30,5
L10,6,Wednesday,24,8
L10,7,Wednesday,117,36
L10,8,Wednesday,363,87
L10,9,Wednesday,317,85
L10,10,Wednesday,176,41
L10,11,Wednesday,341,104
L10,12,Wednesday,425,121
L10,13,Wednesday,343,107
L10,14,Wednesday,287,48
L10,15,Wednesday,220,40
L10,16,Wednesday,268,47
L10,17,Wednesday,377,127
L10,18,Wednesday,305,66
L10,19,Wednesday,178,36
L10,20,Wednesday,126,31
L10,21,Wednesday,48,11
L10,22,Wednesday,23,7
L10,6,Thursday,24,4
L10,7,Thursday,114,33
L10,8,Thursday,298,74
L10,9,Thursday,289,62
L10,10,Thursday,180,53
L10,11,Thursday,249,59
L10,12,Thursday,418,132
L10,13,Thursday,265,68
L10,14,Thursday,200,43
L10,15,Thursday,214,57
L10,16,Thursday,258,73
L10,17,Thursday,325,49
L10,18,Thursday,328,81
L10,19,Thursday,186,39
L10,20,Thursday,118,31
L10,21,Thursday,58,12
L10,22,Thursday,27,9
L10,6,Friday,21,4
L10,7,Friday,112,27
L10,8,Friday,290,55
L10,9,Friday,287,44
L10,10,Friday,212,36
L10,11,Friday,270,60
L10,12,Friday,357,63
L10,13,Friday,304,87
L10,14,Friday,219,37
L10,15,Friday,173,26
L10,16,Friday,313,47
L10,17,Friday,373,102
L10,18,Friday,281,87
L10,19,Friday,154,52
L10,20,Friday,117,30
L10,21,Friday,54,15
L10,22,Friday,26,8
L10,6,Saturday,15,3
L10,7,Saturday,13,2
L10,8,Saturday,56,16
L10,9,Saturday,158,45
L10,10,Saturday,222,46
L10,11,Saturday,305,76
L10,12,Saturday,444,93
L10,13,Saturday,337,51
L10,14,Saturday,279,67
L10,15,Saturday,328,75
L10,16,Saturday,260,76
L10,17,Saturday,181,44
L10,18,Saturday,187,57
L10,19,Saturday,122,38
L10,20,Saturday,83,24
L10,21,Saturday,23,7
L10,22,Saturday,15,4
L10,6,Sunday,12,3
L10,7,Sunday,15,2
L10,8,Sunday,57,16
L10,9,Sunday,146,36
L10,10,Sunday,246,69
L10,11,Sunday,289,93
L10,12,Sunday,329,102
L10,13,Sunday,433,87
L10,14,Sunday,303,104
L10,15,Sunday,241,83
L10,16,Sunday,257,86
L10,17,Sunday,244,70
L10,18,Sunday,146,48
L10,19,Sunday,124,20
L10,20,Sunday,82,19
L10,21,Sunday,22,5
L10,22,Sunday,15,4
